{
    "answers": {
        "request0": {
            "relevance": [
                {
                    "docid": 2,
                    "rank": 1.0
                },
                {
                    "docid": 1,
                    "rank": 0.6666666865348816
                },
                {
                    "docid": 0,
                    "rank": 0.3333333432674408
                }
            ],
            "result": true
        }
    }
}